Flow,P_bar,T_C,MA,S6_Pres,Power,Status
1400,6.81,-98.0,1.7015572427707042,32.520247963345135,1328.597046582491,Verified (User Anchor)
