Flow,P_bar,T_C,MA,S6_Pres,Power,Status
1500,7.4,-99,2.106482536243469,35.418521881394355,1440.3870207311836,OK
