Flow,P,T,App,Power
500,3.1,-107,2.0085212916287674,656.0377703697787
